"SUPPORT","AUTEUR","TITRE","NOMBRE DE PRÊTS"
"Livre jeunesse","Saint-Mars, Dominique de","Max et Lili ont des pouvoirs magiques","2066"
"Livre jeunesse","Emberley, Ed","Va-t'en, grand monstre vert ! [Texte imprimé]","1905"
"Livre jeunesse","Saint-Mars, Dominique de","Lili est stressée par la rentrée","1695"
"Bande dessinée jeunesse","Saint-Mars, Dominique de","Lili se fait piéger sur internet [Texte imprimé]","1568"
"Bande dessinée jeunesse","Saint-Mars, Dominique de","Lili est fâchée avec sa copine [Texte imprimé]","1487"
"Nouveauté","Ferri, Jean-Yves","Le papyrus de César","1484"
"Bande dessinée jeunesse","Saint-Mars, Dominique de","Max et Lili ne font pas leurs devoirs [Texte imprimé]","1476"
"Bande dessinée jeunesse","Cohen, Jacqueline","Trop, c'est trop ! [Texte imprimé]","1457"
"Bande dessinée jeunesse","Cohen, Jacqueline","Les premiers de la casse [Texte imprimé]","1446"
"Bande dessinée jeunesse","Saint-Mars, Dominique de","Lili fait sa commandante","1437"
"Bande dessinée jeunesse","Saint-Mars, Dominique de","Max trouve que c'est pas juste [Texte imprimé]","1408"
"Bande dessinée jeunesse","Saint-Mars, Dominique de","Lili regarde trop la télé [Texte imprimé]","1400"
"Bande dessinée jeunesse","Saint-Mars, Dominique de","Emilie n'aime pas quand sa mère boit trop [Texte imprimé]","1394"
"Bande dessinée jeunesse","Saint-Mars, Dominique de","Lili veut un petit chat [Texte imprimé]","1388"
"Bande dessinée jeunesse","Sobral, Patrick","Main du futur [Texte imprimé]","1366"
"Bande dessinée jeunesse","Saint-Mars, Dominique de","Grand-père est mort [Texte imprimé]","1366"
"Bande dessinée jeunesse","Saint-Mars, Dominique de","Les parents de Max et Lili se disputent [Texte imprimé]","1364"
"Bande dessinée ado","Neel, Julien","Lou !. 5","1364"
"Bande dessinée jeunesse","Saint-Mars, Dominique de","Max n'aime pas l'école [Texte imprimé]","1347"
"Bande dessinée jeunesse","Saint-Mars, Dominique de","La maison de Max et Lili a été cambriolée [Texte imprimé]","1341"
"Bande dessinée jeunesse","Saint-Mars, Dominique de","Lili ne veut pas se coucher [Texte imprimé]","1341"
"Bande dessinée jeunesse","Saint-Mars, Dominique de","Max se trouve nul [Texte imprimé]","1330"
"Bande dessinée jeunesse","Saint-Mars, Dominique de","Lili se trouve moche [Texte imprimé]","1321"
"Bande dessinée jeunesse","Saint-Mars, Dominique de","Max et Lili sont malades [Texte imprimé]","1318"
"Bande dessinée jeunesse","Zep","Titeuf [Texte imprimé]. 14. Bienvenue en adolescence !","1309"
"Bande dessinée jeunesse","Saint-Mars, Dominique de","Max n'en fait qu'à sa tête [Texte imprimé]","1277"
"Bande dessinée jeunesse","Sobral, Patrick","Le cycle d'Anathos : renaissance","1238"
"Livre jeunesse","Saint-Mars, Dominique de","Max adore jouer [Texte imprimé]","1231"
"Bande dessinée jeunesse","Sobral, Patrick","Coeur du passé [Texte imprimé]","1217"
"Bande dessinée jeunesse","Saint-Mars, Dominique de","Max se bagarre [Texte imprimé]","1211"
"Bande dessinée jeunesse","Sobral, Patrick","L'exode de Kalandre [Texte imprimé]","1195"
"Bande dessinée jeunesse","Saint-Mars, Dominique de","Lili part en camp de vacances [Texte imprimé]","1159"
"Bande dessinée jeunesse","Saint-Mars, Dominique de","Max n'aime pas perdre [Texte imprimé]","1136"
"Bande dessinée jeunesse","Saint-Mars, Dominique de","Les parents de Zoé divorcent [Texte imprimé]","1128"
"Bande dessinée jeunesse","Saint-Mars, Dominique de","Le cousin de Max et Lili se drogue [Texte imprimé]","1123"
"Bande dessinée ado","Lyfoung, Patricia","J'irai voir Venise [Texte imprimé]","1097"
"Livre jeunesse","Saint-Mars, Dominique de","La copine de Lili n'a pas de papa [Texte imprimé]","1089"
"Bande dessinée jeunesse","Saint-Mars, Dominique de","Lili a peur des contrôles [Texte imprimé]","1064"
"Bande dessinée ado","Zep","La loi du préau ","1052"
"Bande dessinée jeunesse","Midam","Slime project","1002"
"Bande dessinée jeunesse","Maury, William","Quelle chouchoute !","991"
"Livre jeunesse","Coppée, Thierry","Les blagues de Toto. 7. La classe qui rit","986"
"Bande dessinée pour adulte","Goscinny, René","Astérix gladiateur [Texte imprimé]","959"
"Bande dessinée pour adulte","Hergé","Le sceptre d'Ottokar [Texte imprimé]","955"
"Bande dessinée jeunesse","Cohen, Jacqueline","Toujours plus fort ! [Texte imprimé]","938"
"Enregistrement musical pour la jeunesse","Du Bouchet, Paule","Coco et le bébé [Texte imprimé]","938"
"Livre pour adulte","Carrère, Emmanuel","Le royaume [Texte imprimé]","930"
"Bande dessinée pour adulte","Goscinny, René","Le combat des chefs [Texte imprimé]","928"
"Bande dessinée pour adulte","Hergé","Les bijoux de la Castafiore [Texte imprimé]","922"
"Bande dessinée jeunesse","Midam","Kid Paddle. 12. Panik room","914"
"Bande dessinée pour adulte","Hergé","L'étoile mystérieuse [Texte imprimé]","912"
"Bande dessinée jeunesse","Coppée, Thierry","Les blagues de Toto [Texte imprimé]. 12. Bête de concours","904"
"Bande dessinée ado","Zep","Titeuf et le derrière des choses","896"
"Livre pour adulte","Arnaldur Indridason","Opération Napoléon [Texte imprimé]","895"
"Livre jeunesse","Jost, Alain","La grande Schtroumpfette","895"
"Bande dessinée jeunesse","Zidrou","Ducobu, élève modèle","892"
"Bande dessinée jeunesse","Coppée, Thierry","La rentrée des crasses [Texte imprimé]","888"
"Bande dessinée pour adulte","Sattouf, Riad","L'Arabe du futur [Texte imprimé]. 2. Une jeunesse au Moyen-Orient, 1984-1985","886"
"Bande dessinée pour adulte","Hergé","L'île noire [Texte imprimé]","886"
"Bande dessinée jeunesse","Coppée, Thierry","L'as des pitres [Texte imprimé]","886"
"Bande dessinée jeunesse","Jost, Alain","Les schtroumpfs et le livre qui dit tout [Texte imprimé]","875"
"Bande dessinée pour adulte","Goscinny, René","Le cadeau de César [Texte imprimé]","874"
"Bande dessinée jeunesse","Cohen, Jacqueline","Bienvenue au club ! [Texte imprimé]","871"
"Bande dessinée jeunesse","Gazzotti, Bruno","Le clan du requin [Texte imprimé]","851"
"Bande dessinée jeunesse","Vehlmann, Fabien","Seuls. 9. Avant l'Enfant-Minuit [Texte imprimé] ; [scénario] Vehlmann","837"
"Bande dessinée jeunesse","Peyo","L'oeuf et les schtroumpfs [Texte imprimé]","825"
"Bande dessinée pour adulte","Hergé","Les cigares du pharaon [Texte imprimé]","823"
"Bande dessinée jeunesse","Uderzo, Albert","Le ciel lui tombe sur la tete [Texte imprimé]","808"
"Bande dessinée jeunesse","Neel, Julien","Le cimetière des autobus [Texte imprimé]","805"
"Bande dessinée jeunesse","Midam","Paddle... my name is Kid Paddle [Texte imprimé]","800"
"Livre jeunesse","Nakagawa, Chihiro","Joyeux anniversaire !","788"
"Nouveauté","Grangé, Jean-Christophe","Lontano : roman","787"
"Bande dessinée jeunesse","Parthoens, Luc","La menace Schtroumpf [Texte imprimé]","783"
"Enregistrement musical pour la jeunesse","Du Bouchet, Paule","Coco et les bulles de savon","783"
"Bande dessinée jeunesse","Lyfoung, Patricia","La Rose écarlate [Texte imprimé] : missions. 3. La dame en rouge","776"
"Livre jeunesse","Brown, Margaret Wise","Bonsoir lune [Texte imprimé]","776"
"inconnu","Hudrisier, Cécile","Comptines pour chanter en anglais [Enregistrement sonore]","774"
"Nouveauté","Musso, Guillaume","La fille de Brooklyn [Texte imprimé]","771"
"Bande dessinée pour adulte","Goscinny, René","Astérix et le chaudron [Texte imprimé]","770"
"Bande dessinée jeunesse","Midam","Barbecue royal [Texte imprimé]","770"
"Bande dessinée jeunesse","Nob","Dad. 2. Secrets de famille [Texte imprimé]","761"
"Bande dessinée jeunesse","Godi, Bernard","Le Roi des cancres [Texte imprimé]","761"
"Livre jeunesse","Browne, Anthony","Mon papa [Texte imprimé]","756"
"Bande dessinée jeunesse","Cohen, Jacqueline","Tom-Tom et ses idées explosives [Texte imprimé]","755"
"Bande dessinée pour adulte","Goscinny, René","Astérix en Hispanie [Texte imprimé]","755"
"Bande dessinée jeunesse","Laudec","Cédric. 26","754"
"Enregistrement musical pour la jeunesse","Du Bouchet, Paule","Coco et le tambour","753"
"Bande dessinée jeunesse","Goscinny, René","Astérix chez les Helvètes [Texte imprimé]","752"
"Bande dessinée jeunesse","Cohen, Jacqueline","Superstars [Texte imprimé]","751"
"Livre jeunesse","Tan","Mortelle Adèle. 5. Poussez-vous les moches","749"
"Bande dessinée jeunesse","Tan","Un talent monstre ! [Texte imprimé]","749"
"Bande dessinée jeunesse","Verron, Laurent","Mon meilleur ami","736"
"Livre jeunesse","Kinney, Jeff","Ca fait suer ! : guide de survie en milieu hostile","736"
"Nouveauté jeunesse","Lemaitre, Pierre","Au revoir là-haut [Texte imprimé]","734"
"Bande dessinée jeunesse","Midam","Jeux de vilains [Texte imprimé]","732"
"Bande dessinée jeunesse","Bouchié, Pascale","Marion Duval. 22. La reine éternelle","720"
"Bande dessinée jeunesse","Midam","Waterminator [Texte imprimé]","717"
"DVD-vidéo tous publics","Miyazaki, Hayao","La château dans le ciel [Images animées]","712"
"DVD jeunesse","","Ernest et Célestine [Images animées]","712"
"Bande dessinée jeunesse","Guibert, Emmanuel","Sardine de l'espace. 10. La reine de l'Afripe","703"
"Livre jeunesse","Saint-Mars, Dominique de","Max et Lili veulent être populaires [Texte imprimé]","1928"
"Livre jeunesse","Saint-Mars, Dominique de","Max et Lili trouvent leur cousin angoissé [Texte imprimé]","1805"
"Bande dessinée jeunesse","Saint-Mars, Dominique de","Max et Lili ont peur des images violentes [Texte imprimé]","1799"
"Livre jeunesse","Saint-Mars, Dominique de","Max veut sauver les animaux","1680"
"Livre de section jeunesse ado","Saint-Mars, Dominique de","Max et Lili font du camping","1672"
"Bande dessinée jeunesse","Cohen, Jacqueline","Les fous du mercredi [Texte imprimé]","1563"
"Bande dessinée jeunesse","Cohen, Jacqueline","Drôle de cirque ! [Texte imprimé]","1508"
"Bande dessinée jeunesse","Saint-Mars, Dominique de","Max aime les monstres [Texte imprimé]","1495"
"Bande dessinée jeunesse","Saint-Mars, Dominique de","La copine de Lili a une maladie grave [Texte imprimé]","1470"
"Bande dessinée jeunesse","Cohen, Jacqueline","Abracada...boum ! [Texte imprimé]","1455"
"Bande dessinée jeunesse","Cohen, Jacqueline","Ca roule ! [Texte imprimé]","1434"
"Bande dessinée jeunesse","Cohen, Jacqueline","Au zoo, les zozos ! [Texte imprimé]","1423"
"inconnu","Sobral, Patrick","Les Légendaires. 15. Amour mortel","1397"
"Bande dessinée jeunesse","Neel, Julien","Journal infime [Texte imprimé]","1394"
"Bande dessinée jeunesse","Saint-Mars, Dominique de","Lili se dispute avec son frère [Texte imprimé]","1383"
"Livre jeunesse","Saint-Mars, Dominique de","Max embête les filles [Texte imprimé]","1360"
"Bande dessinée jeunesse","Saint-Mars, Dominique de","Max ne veut pas se laver [Texte imprimé]","1357"
"Bande dessinée jeunesse","Cohen, Jacqueline","A l'attaque ! [Texte imprimé]","1336"
"Bande dessinée jeunesse","Saint-Mars, Dominique de","Lili est malpolie [Texte imprimé]","1326"
"Bande dessinée jeunesse","Saint-Mars, Dominique de","Lili veut etre une star [Texte imprimé]","1324"
"Bande dessinée jeunesse","Neel, Julien","Lou !. 6. L'âge de cristal [Texte imprimé]","1315"
"Bande dessinée jeunesse","Sobral, Patrick","Le gardien [Texte imprimé]","1309"
"Livre jeunesse","Saint-Mars, Dominique de","Max ne pense qu'au zizi","1288"
"Bande dessinée jeunesse","Saint-Mars, Dominique de","Lili a la passion du cheval","1285"
"Bande dessinée jeunesse","Saint-Mars, Dominique de","Max va à la peche avec son père [Texte imprimé]","1276"
"Bande dessinée jeunesse","Saint-Mars, Dominique de","Lili n'aime que les frites [Texte imprimé]","1242"
"Bande dessinée jeunesse","Saint-Mars, Dominique de","Lili est désordre [Texte imprimé]","1216"
"Bande dessinée jeunesse","Saint-Mars, Dominique de","Le père de Max et Lili est au chômage [Texte imprimé]","1203"
"Bande dessinée jeunesse","Saint-Mars, Dominique de","Alex est handicapé [Texte imprimé]","1189"
"Bande dessinée jeunesse","Sobral, Patrick","Sang royal","1156"
"Bande dessinée jeunesse","Saint-Mars, Dominique de","Max raconte des ""bobards"" [Texte imprimé]","1126"
"Bande dessinée jeunesse","Cohen, Jacqueline","C'est magique ! [Texte imprimé]","1119"
"Bande dessinée jeunesse","Saint-Mars, Dominique de","Max et Lili veulent des câlins [Texte imprimé]","1118"
"Bande dessinée jeunesse","Delaf","Sale temps pour les moches [Texte imprimé]","1111"
"Bande dessinée jeunesse","Saint-Mars, Dominique de","Lili veut protéger la nature [Texte imprimé]","1086"
"Bande dessinée ado","Zep","Le miracle de la vie ","1064"
"Bande dessinée jeunesse","Sobral, Patrick","Jadina","1045"
"Bande dessinée pour adulte","Goscinny, René","Astérix aux Jeux Olympiques [Texte imprimé]","1042"
"Livre jeunesse","Saint-Mars, Dominique de","Lili ne veut plus se montrer toute nue [Texte imprimé]","1029"
"Bande dessinée jeunesse","Goscinny, René","Le devin [Texte imprimé]","1019"
"Livre jeunesse","Maubille, Jean","Grrr ! [Texte imprimé]","1017"
"Bande dessinée jeunesse","Cohen, Jacqueline","Bonjour les cadeaux ! [Texte imprimé]","995"
"inconnu","Lagercrantz, David","Millénium [Texte imprimé]. 4. Ce qui ne me tue pas","985"
"Bande dessinée pour adulte","Hergé","Le lotus bleu [Texte imprimé]","971"
"Bande dessinée pour adulte","Hergé","Le trésor de Rackham le Rouge [Texte imprimé]","970"
"Livre jeunesse","Cazenove","Un air de famille [Texte imprimé]","967"
"Bande dessinée jeunesse","Guibert, Emmanuel","Chat méchant","963"
"Bande dessinée jeunesse","Coppée, Thierry","L'épreuve de farce [Texte imprimé]","963"
"Bande dessinée jeunesse","Didier, Anne","Ultra top secret ! [Texte imprimé]","957"
"Bande dessinée ado","Zep","Le sens de la vie ","943"
"Nouveauté","Énard, Mathias","Boussole [Texte imprimé]","939"
"Bande dessinée ado","Lyfoung, Patricia","Je savais que je te rencontrerais [Texte imprimé]","931"
"Bande dessinée jeunesse","Vehlmann, Fabien","Au coeur du maelström","897"
"Bande dessinée jeunesse","Jost, Alain","Les Schtroumpfs et l'amour sorcier [Texte imprimé]","890"
"Bande dessinée jeunesse","Darasse","Quelle famille d'enfer !","865"
"Bande dessinée jeunesse","Patelin","Yes, I can ! [Texte imprimé]","864"
"Bande dessinée jeunesse","Didier, Anne","Ça va dégominer ! [Texte imprimé]","855"
"Nouveauté","Musso, Guillaume","L'instant présent [Texte imprimé]","851"
"Bande dessinée jeunesse","Darasse","Loin des yeux...","850"
"inconnu","Echenoz, Jean","Envoyée spéciale [Texte imprimé] : roman","849"
"Bande dessinée pour adulte","Hergé","L'affaire Tournesol [Texte imprimé]","849"
"Bande dessinée jeunesse","Coppée, Thierry","Tueurs à gags [Texte imprimé]","845"
"Bande dessinée pour adulte","Hergé","L'oreille cassée [Texte imprimé]","843"
"Bande dessinée jeunesse","Uderzo, Albert","Astérix et Latraviata [Texte imprimé]","840"
"Bande dessinée jeunesse","Didier, Anne","Le roi du chahut [Texte imprimé]","838"
"Bande dessinée jeunesse","Guibert, Emmanuel","Copain comme cochon","829"
"Bande dessinée jeunesse","Uderzo, Albert","La galère d'Obélix [Texte imprimé]","824"
"Bande dessinée pour adulte","Hergé","Tintin au Congo [Texte imprimé]","820"
"Bande dessinée jeunesse","Peyo","Le bébé schtroumpf [Texte imprimé]","820"
"Bande dessinée pour adulte","Hergé","Coke en stock [Texte imprimé]","814"
"Bande dessinée jeunesse","Uderzo, Albert","Astérix chez Rahàzade [Texte imprimé] : ou le compte des mille et une heures","797"
"Bande dessinée jeunesse","Peyo","Les p'tits schtroumpfs [Texte imprimé]","780"
"Nouveauté","Lehane, Dennis","Ce monde disparu [Texte imprimé]","773"
"inconnu","Adam, Olivier","La renverse [Texte imprimé]","769"
"Bande dessinée jeunesse","Darasse","Maman, je rigole !","766"
"inconnu","Louis, Édouard","Histoire de la violence [Texte imprimé]","765"
"Livre jeunesse","Vehlmann, Fabien","Les cairns rouges [Texte imprimé]","762"
"inconnu","Despentes, Virginie","Vernon Subutex [Texte imprimé]. 1","747"
"Livre jeunesse","Barton, Byron","Sur le chantier [Texte imprimé]","746"
"Livre jeunesse","Corentin, Philippe","Plouf ! [Texte imprimé]","740"
"Bande dessinée jeunesse","Cauvin, Raoul","Faux départ ! [Texte imprimé]","739"
"Bande dessinée jeunesse","Parthoens, Luc","Docteur schtroumpf [Texte imprimé]","731"
"Nouveauté","Schmitt, Éric-Emmanuel","La nuit de feu","728"
"Bande dessinée jeunesse","Midam","Game over. 13. Toxic affair [Texte imprimé]","727"
"Bande dessinée ado","Kishimoto, Masashi","Naruto. 2 [Texte imprimé]","722"
"Bande dessinée jeunesse","Cauvin, Raoul","Un look d'enfer ! [Texte imprimé]","720"
"inconnu","Lee, Harper","Va et poste une sentinelle [Texte imprimé]","714"
"Bande dessinée jeunesse","Gazzotti, Bruno","Seuls. 2. Le maître des couteaux [Texte imprimé]","713"
"Livre jeunesse","Kinney, Jeff","Trop c'est trop","710"
"Bande dessinée jeunesse","Delporte, Yvan","La Schtroumpfette [Texte imprimé]","708"
"Bande dessinée jeunesse","Midam","Walking blork","708"
"inconnu","Guibert, Emmanuel","Môssieur Susupe et môssieur Krokro","708"
"Bande dessinée jeunesse","Konami, K.","Chi, une vie de chat. 4","707"
"inconnu","Besson, Philippe","Les passants de Lisbonne [Texte imprimé] : roman","706"
"Bande dessinée jeunesse","Cohen, Jacqueline","Les deux terreurs [Texte imprimé]","699"
"Livre jeunesse","Rosen, Michael","La chasse à l'ours [Texte imprimé]","687"
"Livre jeunesse","Vaugelade, Anaïs","Maman Quichon se fâche [Texte imprimé]","682"
"Bande dessinée jeunesse","Stilton, Geronimo","Qui a volé la Joconde ?","682"
"Livre jeunesse","Matsuoka, Tatsuhide","Saute [Texte imprimé]","671"
"DVD-vidéo tous publics","","Moi, moche et méchant 2 [Images animées]","669"
"Livre jeunesse","Saint-Mars, Dominique de","Lili a trop honte [Texte imprimé]","1955"
"Bande dessinée jeunesse","Saint-Mars, Dominique de","Max et Lili ont volé des bonbons [Texte imprimé]","1803"
"Bande dessinée jeunesse","Saint-Mars, Dominique de","Max et Lili veulent être gentils","1782"
"Bande dessinée jeunesse","Saint-Mars, Dominique de","Max et Lili veulent éduquer leurs parents","1700"
"Livre jeunesse","Saint-Mars, Dominique de","Le tonton de Max et Lili est en prison","1582"
"Bande dessinée jeunesse","Cohen, Jacqueline","Increvables !","1566"
"Bande dessinée jeunesse","Cohen, Jacqueline","Bande de sauvages ! [Texte imprimé]","1554"
"Bande dessinée jeunesse","Saint-Mars, Dominique de","Lili fait des cauchemars [Texte imprimé]","1541"
"Bande dessinée jeunesse","Cohen, Jacqueline","Tom-Tom et l'impossible Nana [Texte imprimé]","1517"
"Bande dessinée ado","Neel, Julien","Mortebouse [Texte imprimé]","1445"
"Bande dessinée jeunesse","Saint-Mars, Dominique de","Lili a un chagrin d'amour [Texte imprimé]","1436"
"Bande dessinée jeunesse","Cohen, Jacqueline","Tremblez, carcasses ! [Texte imprimé]","1415"
"Bande dessinée jeunesse","Saint-Mars, Dominique de","Lili veut choisir ses habits [Texte imprimé]","1412"
"Bande dessinée jeunesse","Saint-Mars, Dominique de","Lili veut faire une boum [Texte imprimé]","1390"
"Bande dessinée jeunesse","Saint-Mars, Dominique de","Lili rêve d'être une femme","1362"
"Bande dessinée jeunesse","Saint-Mars, Dominique de","Max est racketté [Texte imprimé]","1341"
"Bande dessinée jeunesse","Saint-Mars, Dominique de","Max et Lili aident les enfants du monde [Texte imprimé]","1340"
"Bande dessinée jeunesse","Cohen, Jacqueline","Les vacances infernales [Texte imprimé]","1330"
"Bande dessinée jeunesse","Sobral, Patrick","Versus inferno","1293"
"Bande dessinée jeunesse","Saint-Mars, Dominique de","Max veut etre délégué de classe [Texte imprimé]","1287"
"Bande dessinée jeunesse","Cohen, Jacqueline","Ca va chauffer ! [Texte imprimé]","1285"
"inconnu","Sobral, Patrick","Les Légendaires. 14. L'héritage du mal","1283"
"Bande dessinée jeunesse","Sobral, Patrick","Le réveil du Kréa-Kaos [Texte imprimé]","1277"
"Bande dessinée jeunesse","Saint-Mars, Dominique de","Lili découvre sa Mamie [Texte imprimé]","1248"
"Bande dessinée jeunesse","Saint-Mars, Dominique de","Max se fait insulter à la récré [Texte imprimé]","1247"
"Bande dessinée jeunesse","Saint-Mars, Dominique de","Max est fou de jeux vidéo [Texte imprimé]","1244"
"Bande dessinée jeunesse","Saint-Mars, Dominique de","Max est timide [Texte imprimé]","1205"
"Bande dessinée jeunesse","Saint-Mars, Dominique de","Jérémy est maltraité [Texte imprimé]","1194"
"Bande dessinée jeunesse","Saint-Mars, Dominique de","Max et Lili ont peur [Texte imprimé]","1175"
"inconnu","Lyfoung, Patricia","Tu aurais dû me laisser mourir [Texte imprimé]","1134"
"Bande dessinée jeunesse","Cohen, Jacqueline","Les Cartables décollent [Texte imprimé]","1104"
"inconnu","Lyfoung, Patricia","La rose écarlate. 7. Tu seras toujours à moi","1102"
"Livre jeunesse","Cohen, Jacqueline","Et que ça saute ! [Texte imprimé]","1092"
"Bande dessinée jeunesse","Saint-Mars, Dominique de","Max est casse-cou [Texte imprimé]","1091"
"Bande dessinée ado","Lyfoung, Patricia","Je crois que je t'aime","1081"
"Bande dessinée jeunesse","Cazenove, Christophe","C'est nikol crème !","1059"
"Livre pour adulte","Dicker, Joël","Le livre des Baltimore : roman","1048"
"Bande dessinée ado","Lyfoung, Patricia","Je serai toujours avec toi","1047"
"Bande dessinée jeunesse","Zep","Lâchez-moi le slip ! ","1045"
"inconnu","Lyfoung, Patricia","Où es-tu ?","1045"
"Bande dessinée jeunesse","Delaf","Les nombrils. 6. Un été trop mortel !","1041"
"Bande dessinée jeunesse","Dubuc, Maryse","Un bonheur presque parfait [Texte imprimé]","1025"
"Livre jeunesse","Cazenove","A la mode de chez nous [Texte imprimé]","1016"
"Enregistrement musical pour la jeunesse","Du Bouchet, Paule","Le doudou de Coco [Multimédia multisupport] : une histoire mise en musique","1012"
"Livre jeunesse","Guibert, Emmanuel","Où est Pétula ?","1010"
"Bande dessinée jeunesse","Cohen, Jacqueline","Dégâts à gogo ! [Texte imprimé]","981"
"Bande dessinée pour adulte","Goscinny, René","La grande traversée [Texte imprimé]","973"
"Bande dessinée pour adulte","Hergé","Vol 714 pour Sydney [Texte imprimé]","967"
"Bande dessinée jeunesse","Coppée, Thierry","L'élève dépasse le mètre","954"
"Bande dessinée pour adulte","Zep","Titeuf. 13. A la folie !","952"
"Bande dessinée jeunesse","Didier, Anne","Anatole Latuile. 6. Pas de panique !","919"
"Bande dessinée jeunesse","Midam","Kid Paddle [Texte imprimé]. 14. Serial player","919"
"Bande dessinée pour adulte","Hergé","On a marché sur la lune [Texte imprimé]","914"
"Bande dessinée jeunesse","Midam","Watergate [Texte imprimé]","910"
"Bande dessinée jeunesse","","Les Schtroumpfs de l'ordre","907"
"Livre jeunesse","Zep","Ca épate les filles... ","904"
"Bande dessinée pour adulte","Hergé","Tintin et les Picaros [Texte imprimé]","901"
"Bande dessinée jeunesse","Saint-Mars, Dominique de","Max est jaloux [Texte imprimé]","896"
"Bande dessinée jeunesse","Cazenove, Christophe","Mon coup d'soleil, c'est toi !","873"
"Nouveauté","Lemaitre, Pierre","Au revoir là-haut [Texte imprimé] : roman","870"
"Nouveauté","Sansal, Boualem","2084 : la fin du monde","866"
"Bande dessinée ado","Lyfoung, Patricia","Le spectre de la Bastille [Texte imprimé]. 2","858"
"Bande dessinée jeunesse","Coppée, Thierry","Sous les cahiers, la plage [Texte imprimé]","851"
"Bande dessinée jeunesse","Cohen, Jacqueline","Tom-Tom le roi de la tambouille [Texte imprimé]","844"
"Livre jeunesse","Saint-Mars, Dominique de","Max part en classe verte","840"
"Bande dessinée jeunesse","Vehlmann, Fabien","Les terres basses","840"
"Bande dessinée ado","Darasse","Entre les deux, mon coeur balance... [Texte imprimé]","840"
"Livre pour adulte","Connelly, Michael","Les dieux du verdict [Texte imprimé] : roman","834"
"Bande dessinée jeunesse","Sobral, Patrick","Shimy [Texte imprimé]","834"
"Nouveauté","Nothomb, Amélie","Le crime du comte Neville : roman","817"
"Bande dessinée jeunesse","Konami, K.","Chi, une vie de chat. 1","817"
"Bande dessinée jeunesse","Jost, Alain","Les Schtroumpfs à Pilulit","803"
"Bande dessinée jeunesse","Godi, Bernard","Punis pour le meilleur et pour le pire [Texte imprimé]","799"
"inconnu","Bourdeaut, Olivier","En attendant Bojangles [Texte imprimé] : roman","792"
"Livre pour adulte","Clark, Mary Higgins","La mariée était en blanc [Texte imprimé]","785"
"Bande dessinée jeunesse","Godi, Bernard","La lutte des classes [Texte imprimé]","784"
"Bande dessinée jeunesse","Tan","Pas de pitié pour les nazebroques ! [Texte imprimé]","784"
"Livre jeunesse","Cohen, Jacqueline","Allez, les monstres ! [Texte imprimé]","777"
"Livre pour adulte","Legardinier, Gilles","Quelqu'un pour qui trembler [Texte imprimé]","774"
"Bande dessinée jeunesse","Cohen, Jacqueline","Superstars [Texte imprimé]","767"
"Bande dessinée jeunesse","Guibert, Emmanuel","Bisbille fait mouche","760"
"Bande dessinée ado","Zidrou","Oh, le salaud !","752"
"Bande dessinée jeunesse","Midam","Rodéo Blork [Texte imprimé]","744"
"Nouveauté","Lévy, Marc","Elle et lui [Texte imprimé] : roman","740"
"Livre pour adulte","Leon, Donna","Brunetti entre les lignes [Texte imprimé]","736"
"Bande dessinée pour adulte","Goscinny, René","Le bouclier arverne [Texte imprimé]","731"
"Bande dessinée jeunesse","Midam","Boing ! Boing ! Bunk ! [Texte imprimé]","731"
"Livre jeunesse","Saint-Mars, Dominique de","Max a triché [Texte imprimé]","727"
"Bande dessinée jeunesse","Delporte, Yvan","Le schtroumpfissime [Texte imprimé]","727"
"Bande dessinée jeunesse","Godi, Bernard","Vivement les vacances ! [Texte imprimé]","726"
"Nouveauté","Foenkinos, David","Charlotte [Texte imprimé] : roman","726"
"Nouveauté","Arnaldur Indridason","Le lagon noir [Texte imprimé]","722"
"Bande dessinée jeunesse","Midam","Alien Chantilly [Texte imprimé]","722"
"Livre jeunesse","Tan","Mortelle Adèle. 2. L'enfer c'est les autres","717"
"Bande dessinée jeunesse","Peyo","Les schtroumpfeurs de flûte [Texte imprimé]","707"
"Livre jeunesse","Lindgren, Barbro","La tototte [Texte imprimé]","706"
"Livre jeunesse","Tan","Mortelle Adèle. 4. J'aime pas l'amour","702"
"Bande dessinée jeunesse","Konami, Kanata","Chi, une vie de chat [Texte imprimé]. 11","702"
"Nouveauté","Louis, Édouard","En finir avec Eddy Bellegueule [Texte imprimé] : roman","701"
"Livre jeunesse","Saint-Mars, Dominique de","Max et Lili en ont marre de se dépêcher [Texte imprimé]","1828"
"Livre jeunesse","Saint-Mars, Dominique de","Max boude","1756"
"Livre jeunesse","Saint-Mars, Dominique de","Lili veut un téléphone portable","1712"
"Livre pour adulte","Saint-Mars, Dominique de","Lili a peur de la mort","1614"
"Bande dessinée jeunesse","Cohen, Jacqueline","Poux, papous et pas papous [Texte imprimé]","1524"
"Enregistrement musical pour la jeunesse","Saint-Mars, Dominique de","Max et Lili se posent des questions sur Dieu [Texte imprimé]","1487"
"Livre jeunesse","Saint-Mars, Dominique de","Lili trouve sa maîtresse méchante [Texte imprimé]","1482"
"Bande dessinée jeunesse","Neel, Julien","Idylles [Texte imprimé]","1461"
"Bande dessinée jeunesse","Saint-Mars, Dominique de","Le chien de Max et Lili est mort [Texte imprimé]","1396"
"Bande dessinée jeunesse","Saint-Mars, Dominique de","Max décide de faire des efforts","1386"
"Bande dessinée jeunesse","Saint-Mars, Dominique de","Simon a deux maisons [Texte imprimé]","1366"
"Bande dessinée jeunesse","Sobral, Patrick","Frères ennemis [Texte imprimé]","1356"
"Bande dessinée jeunesse","Sobral, Patrick","L'Alystory [Texte imprimé]","1347"
"Bande dessinée jeunesse","Saint-Mars, Dominique de","Max et Lili veulent tout savoir sur les bébés [Texte imprimé]","1345"
"Bande dessinée jeunesse","Cohen, Jaqueline","Les mabouls déboulent ! [Texte imprimé]","1296"
"Bande dessinée jeunesse","Saint-Mars, Dominique de","Marlène grignote tout le temps [Texte imprimé]","1295"
"Bande dessinée jeunesse","Cohen, Jacqueline","Salut, les zinzins ! [Texte imprimé]","1294"
"Bande dessinée jeunesse","Sobral, Patrick","Aube et crépuscule [Texte imprimé]","1292"
"Bande dessinée jeunesse","Guibert, Emmanuel","Les trois baudets","1259"
"Bande dessinée jeunesse","Saint-Mars, Dominique de","Max fait pipi au lit [Texte imprimé]","1246"
"Livre jeunesse","Saint-Mars, Dominique de","Max est maladroit [Texte imprimé]","1215"
"Bande dessinée jeunesse","Sobral, Patrick","Les Légendaires [Texte imprimé]. 18. La fin de l'histoire ?","1201"
"Bande dessinée jeunesse","Sobral, Patrick","Les Légendaires [Texte imprimé]. 16. L'éternité ne dure qu'un temps","1200"
"Livre sonore jeunesse","Du Bouchet, Paule","L'anniversaire de Coco [Multimédia multisupport]","1175"
"inconnu","Guibert, Emmanuel","Les dents du lapin [Texte imprimé]","1171"
"Livre pour adulte","Vigan, Delphine de","D'après une histoire vraie [Texte imprimé]","1170"
"Livre jeunesse","Guibert, Emmanuel","Les petits rats de l'Opéra [Texte imprimé]","1112"
"inconnu","Houellebecq, Michel","Soumission [Texte imprimé]","1109"
"Bande dessinée jeunesse","Sobral, Patrick","Les légendaires : Les origines. 03. Gryfenfer [Texte imprimé]","1101"
"Livre jeunesse","Saint-Mars, Dominique de","Max et Koffi sont copains [Texte imprimé]","1095"
"Bande dessinée pour adulte","Goscinny, René","Obélix et compagnie [Texte imprimé]","1074"
"Bande dessinée ado","Zep","Mes meilleurs copains ","1066"
"Livre jeunesse","Lyfoung, Patricia","Me pardonneras-tu ? [Texte imprimé]","1043"
"Bande dessinée ado","Lyfoung, Patricia","J'irai où tu iras [Texte imprimé]","1035"
"Bande dessinée jeunesse","Lyfoung, Patricia","La rose écarlate [Texte imprimé]. 11. Peux-tu comprendre cela ?","983"
"Livre pour adulte","Hawkins, Paula","La fille du train [Texte imprimé]","980"
"Bande dessinée jeunesse","Coppée, Thierry","L'histoire drôle [Texte imprimé]","967"
"Bande dessinée jeunesse","Zep","Tchô, monde cruel ","959"
"Bande dessinée ado","Delaf","Duel de belles","959"
"Bande dessinée jeunesse","Saint-Mars, Dominique de","Max veut se faire des amis [Texte imprimé]","958"
"Livre jeunesse","Allancé, Mireille d'","Grosse colère [Texte imprimé]","938"
"Bande dessinée pour adulte","Hergé","Tintin au Tibet [Texte imprimé]","931"
"Bande dessinée jeunesse","Midam","Apocalypse boy [Texte imprimé]","914"
"Bande dessinée jeunesse","Parthoens, Luc","Le schtroumpf reporter [Texte imprimé]","905"
"Bande dessinée pour adulte","Hergé","Le secret de la Licorne [Texte imprimé]","904"
"Bande dessinée jeunesse","Díaz Vizoso, Miguel","Un enfant chez les schtroumpfs [Texte imprimé]","902"
"Bande dessinée pour adulte","Hergé","Tintin au pays de l'or noir [Texte imprimé]","891"
"Livre jeunesse","Cazenove, Christophe","C'est elle qui a commencé","885"
"Bande dessinée jeunesse","Coppée, Thierry","L'école des vannes [Texte imprimé]","882"
"Livre jeunesse","Mr Tan","Parents à vendre [Texte imprimé]","882"
"Bande dessinée jeunesse","Cazenove, Christophe","Tout pour lui plaire ! [Texte imprimé]","875"
"Bande dessinée ado","Delaf","Pour qui tu te prends ? [Texte imprimé]","864"
"Livre de section jeunesse ado","Lyfoung, Patricia","Le spectre de la Bastille [Texte imprimé]. 1","836"
"Enregistrement musical pour la jeunesse","Du Bouchet, Paule","Coco et son pot","836"
"Bande dessinée jeunesse","Vehlmann, Fabien","La quatrième dimension et demie","826"
"Bande dessinée pour adulte","Sattouf, Riad","Une jeunesse au Moyen-Orient, 1978-1984","825"
"Livre jeunesse","Iwamura, Kazuo","Le petit déjeuner de la famille Souris [Texte imprimé]","817"
"Nouveauté","Modiano, Patrick","Pour que tu ne te perdes pas dans le quartier [Texte imprimé]","817"
"Livre jeunesse","Saint-Mars, Dominique de","Max a une amoureuse [Texte imprimé]","815"
"Livre sonore jeunesse","Davois, Bernard","Mon imagier des comptines de la maternelle [Texte imprimé]","807"
"Bande dessinée ado","Darasse","Diego","801"
"DVD-vidéo tous publics","","Hugo Cabret [Images animées]","800"
"Nouveauté","Bussi, Michel","Maman a tort","798"
"Bande dessinée jeunesse","Cohen, Jacqueline","Toujours plus fort ! [Texte imprimé]","798"
"Bande dessinée jeunesse","Vehlmann, Fabien","Les arènes [Texte imprimé]","797"
"Bande dessinée jeunesse","Peyo","Schtroumpf vert et vert schtroumpf [Texte imprimé]","789"
"Nouveauté","Binet, Laurent","La septième fonction du langage [Texte imprimé]","781"
"Bande dessinée jeunesse","Godi, Bernard","Un copieur sachant copier [Texte imprimé]","781"
"Bande dessinée jeunesse","Guibert, Emmanuel","La fête à la grenouille [Texte imprimé]","780"
"Livre jeunesse","Hill, Eric","Où est Spot, mon petit chien ?","768"
"Bande dessinée jeunesse","Cohen, Jacqueline","Allez, les monstres ! [Texte imprimé]","765"
"Bande dessinée jeunesse","Peyo","Les Schtroumpfs et le Cracoucass [Texte imprimé]","760"
"Livre pour adulte","Guibert, Emmanuel","Un petit âne comme vous et moi","749"
"Nouveauté","Ernaux, Annie","Mémoire de fille","730"
"Bande dessinée jeunesse","Darasse","A la folie ! [Texte imprimé]","726"
"Bande dessinée jeunesse","Verron, Laurent","Un amour de cocker","723"
"Bande dessinée ado","Darasse","Tu dépasses ! [Texte imprimé]","722"
"Bande dessinée jeunesse","Uderzo, Albert","Le fils d'Astérix [Texte imprimé]","710"
"Livre pour adulte","Despentes, Virginie","Vernon Subutex. 2","704"
"Livre jeunesse","Sendak, Maurice","Max et les Maximonstres [Texte imprimé]","703"
"Livre jeunesse","Du Bouchet, Paule","Coco et la confiture","703"
"DVD jeunesse","Miyazaki, Hayao","Ponyo sur la falaise [Images animées]","700"
"Livre jeunesse","Kasano, Yuichi","Bloub bloub bloub [Texte imprimé]","695"
"Bande dessinée jeunesse","Midam","Full métal casquette [Texte imprimé]","690"
"Livre pour adulte","Parot, Jean-François","L'inconnu du pont Notre-Dame [Texte imprimé]","689"
"Bande dessinée jeunesse","Cohen, Jacqueline","Bienvenue au club ! [Texte imprimé]","683"
"inconnu","Mashima, Hiro","Fairy Tail [Texte imprimé]. 45","682"
"Livre pour adulte","McEwan, Ian","L'intérêt de l'enfant [Texte imprimé]","675"
"Livre jeunesse","Laudec","Qu'est-ce qu'il a ?","675"
"Nouveauté","Rufin, Jean-Christophe","Check point : roman","672"
"Nouveauté","Chalandon, Sorj","Profession du père [Texte imprimé]","669"
"DVD-vidéo tous publics","Stevenson, Robert","Mary Poppins [Images animées]","666"
"Bande dessinée jeunesse","Tome","Le petit Spirou. 15. Tiens-toi droit !","664"
"Livre jeunesse","Ungerer, Tomi","Le géant de Zéralda [Texte imprimé]","660"
"Bande dessinée jeunesse","Guibert, Emmanuel","Les secrets de l'univers [Texte imprimé]","657"
"Bande dessinée ado","Kishimito, Masashi","Naruto. 6 [Texte imprimé]","656"
"Bande dessinée ado","Laudec","J'ai gagné !","656"
"Bande dessinée jeunesse","Culliford, Thierry","Schtroumpf-les-Bains","655"
"Livre jeunesse","Iwamura, Kazuo","La famille Souris et la mare aux libellules [Texte imprimé]","652"
"Bande dessinée jeunesse","Zidrou","In-cu-ra-ble ! [Texte imprimé]","649"
"Livre jeunesse","Saint-Mars, Dominique de","Max et Lili vont chez papy et mamie [Texte imprimé]","1900"
"Bande dessinée jeunesse","Saint-Mars, Dominique de","Lili invite une copine en vacances [Texte imprimé]","1857"
"Livre pour adulte","Saint-Mars, Dominique de","Lili est harcelée à l'école","1816"
"Bande dessinée jeunesse","Cohen, Jacqueline","Ben ça, alors ! [Texte imprimé]","1772"
"Bande dessinée jeunesse","Cohen, Jacqueline","La salsa des saucisses [Texte imprimé]","1587"
"Bande dessinée jeunesse","Cohen, Jacqueline","Subliiiimes ! [Texte imprimé]","1541"
"Bande dessinée jeunesse","Saint-Mars, Dominique de","Max ne respecte rien [Texte imprimé]","1536"
"Bande dessinée jeunesse","Saint-Mars, Dominique de","Lili est amoureuse [Texte imprimé]","1434"
"Bande dessinée jeunesse","Saint-Mars, Dominique de","Max et Lili fêtent Noël en famille [Texte imprimé]","1418"
"Bande dessinée jeunesse","Sobral, Patrick","Griffes et plumes [Texte imprimé]","1403"
"Livre jeunesse","Saint-Mars, Dominique de","Max et Lili veulent tout tout de suite ! [Texte imprimé]","1398"
"Bande dessinée jeunesse","Sobral, Patrick","La pierre de Jovénia [Texte imprimé]","1394"
"Livre jeunesse","Saint-Mars, Dominique de","Max et lili sont fans de marques [Texte imprimé]","1390"
"Bande dessinée jeunesse","Cohen, Jacqueline","Ici Radio-casserole [Texte imprimé]","1385"
"Livre jeunesse","Sobral, Patrick","Le cycle d'Anathos : la marque du destin","1365"
"Bande dessinée jeunesse","Saint-Mars, Dominique de","Lili va chez la psy [Texte imprimé]","1360"
"inconnu","Ferri, Jean-Yves","Astérix chez les Pictes [Texte imprimé]","1355"
"Bande dessinée jeunesse","Saint-Mars, Dominique de","Lili a été suivie [Texte imprimé]","1353"
"Bande dessinée jeunesse","Saint-Mars, Dominique de","Lili se fait toujours gronder [Texte imprimé]","1332"
"Bande dessinée jeunesse","Saint-Mars, Dominique de","Emilie a déménagé [Texte imprimé]","1313"
"Bande dessinée jeunesse","Saint-Mars, Dominique de","Max va à l'hopital [Texte imprimé]","1298"
"Bande dessinée jeunesse","Saint-Mars, Dominique de","Max n'aime pas lire [Texte imprimé]","1292"
"Bande dessinée jeunesse","Saint-Mars, Dominique de","Max et Lili se sont perdus [Texte imprimé]","1288"
"inconnu","Guibert, Emmanuel","Ariol. 7. Le maître-chien","1263"
"Bande dessinée jeunesse","Saint-Mars, Dominique de","Nina a été adoptée [Texte imprimé]","1223"
"Bande dessinée jeunesse","Saint-Mars, Dominique de","Lucien n'a pas de copains [Texte imprimé]","1170"
"Bande dessinée jeunesse","Saint-Mars, Dominique de","Max est dans la lune [Texte imprimé]","1169"
"Bande dessinée ado","Lyfoung, Patricia","Je veux que tu m'aimes ! [Texte imprimé]","1129"
"Bande dessinée jeunesse","Saint-Mars, Dominique de","Lili veut de l'argent de poche [Texte imprimé]","1109"
"Bande dessinée jeunesse","Sobral, Patrick","Danaël","1105"
"Livre jeunesse","Waddell, Martin","Bébés chouettes [Texte imprimé]","1103"
"Bande dessinée jeunesse","Zep","C'est pô juste... ","1039"
"Bande dessinée jeunesse","Coppée, Thierry","Le sot à ski","1030"
"Bande dessinée ado","Zep","L'amour, c'est pô propre... ","1029"
"inconnu","Vargas, Fred","Temps glaciaires [Texte imprimé]","1027"
"Bande dessinée jeunesse","Cazenove, Christophe","Les sisters [Texte imprimé]. 10. Survitaminées !","1018"
"Livre sonore jeunesse","Du Bouchet, Paule","Coco à l'école","1011"
"Bande dessinée pour adulte","Goscinny, René","Astérix et les Normands [Texte imprimé]","967"
"Bande dessinée pour adulte","Goscinny, René","Le domaine des dieux [Texte imprimé]","959"
"Bande dessinée jeunesse","Cazenove, Christophe","Toujours dans les pattes ! [Texte imprimé]","958"
"Bande dessinée jeunesse","Maury, William","Un namour de sister","936"
"Bande dessinée pour adulte","Goscinny, René","Le tour de Gaule d'Astérix [Texte imprimé]","910"
"Bande dessinée jeunesse","Coppée, Thierry","Le maître blagueur [Texte imprimé]","904"
"Bande dessinée pour adulte","Hergé","Les 7 boules de cristal [Texte imprimé]","901"
"Bande dessinée jeunesse","Delaf","Un couple d'enfer","900"
"Bande dessinée jeunesse","Peyo","La soupe aux schtroumpfs [Texte imprimé]","875"
"Bande dessinée pour adulte","Uderzo, Albert","L'odyssée d'Astérix [Texte imprimé]","859"
"Bande dessinée pour adulte","Goscinny, René","Astérix et les Goths [Texte imprimé]","859"
"Bande dessinée pour adulte","Hergé","Objectif lune [Texte imprimé]","851"
"inconnu","Lemaitre, Pierre","Trois jours et une vie [Texte imprimé]","850"
"Bande dessinée jeunesse","Midam","Dark, j'adore ! [Texte imprimé]","827"
"Bande dessinée jeunesse","Peyo","L'apprenti schtroumpf [Texte imprimé]","826"
"Bande dessinée jeunesse","Midam","Le retour de la momie qui pue qui tue [Texte imprimé]","820"
"Bande dessinée jeunesse","Culliford, Thierry","Les Schtroumpfs et l'arbre d'or","819"
"Livre jeunesse","Tan","Mortelle Adèle. 3. C'est pas ma faute !","819"
"Nouveauté","Angot, Christine","Un amour impossible","816"
"Livre jeunesse","Sanders, Alex","Délivrez-moi ! [Texte imprimé]","815"
"Bande dessinée pour adulte","Goscinny, René","Astérix légionnaire [Texte imprimé]","815"
"inconnu","Nob","Dad. 1. Filles à papa","812"
"Nouveauté","Lévy, Marc","L'horizon à l'envers","782"
"Livre jeunesse","Lionni, Leo","Petit-Bleu et Petit-Jaune [Texte imprimé] : une histoire pour Pippo, Ann et tous les enfants","776"
"Livre sonore jeunesse","Du Bouchet, Paule","Le pyjama de Coco [Multimédia multisupport]","774"
"inconnu","Kerangal, Maylis de","Réparer les vivants [Texte imprimé]","754"
"Bande dessinée pour adulte","Goscinny, René","Asterix en Corse [Texte imprimé]","748"
"Bande dessinée pour adulte","Goscinny, René","Les lauriers de César [Texte imprimé]","747"
"inconnu","Gay-Para, Praline","Au loup ! : 3 histoires de loup à lire et à écouter","746"
"Nouveauté","Bagieu, Pénélope","California dreamin'","745"
"Bande dessinée jeunesse","Guibert, Emmanuel","Sardine de l'espace [Texte imprimé]. 13. Le mange-manga","739"
"Bande dessinée jeunesse","Cohen, Jacqueline","La tribu des affreux [Texte imprimé]","738"
"inconnu","Musso, Guillaume","Central Park [Texte imprimé]","738"
"Livre pour adulte","Nesbo, Jo","Le fils [Texte imprimé]","737"
"Livre pour adulte","Foenkinos, David","Le mystère Henri Pick","736"
"Livre jeunesse","Kinney, Jeff","Rodrick fait sa loi [Texte imprimé]","732"
"DVD jeunesse","","Vice-Versa [Images animées]","723"
"inconnu","Kinney, Jeff","La vérité toute moche : grandir ou ne pas grandir, telle est la question !","720"
"Bande dessinée jeunesse","Konami, K.","Chi, une vie de chat. 2","707"
"DVD-vidéo tous publics","Miyazaki, Hayao","Kiki la petite sorcière [Images animées]","706"
"Bande dessinée jeunesse","Tan","Tout ça finira mal","704"
"Bande dessinée jeunesse","Jost, Alain","Schtroumpf le héros [Texte imprimé]","703"
"Nouveauté","Sattouf, Riad","Les cahiers d'Esther [Texte imprimé] : histoire de mes 10 ans","700"
"Bande dessinée jeunesse","Mashima, Hiro","Fairy Tail [Texte imprimé]. 46","697"
"Bande dessinée jeunesse","Abouet, Marguerite","Rentrée musclée","693"
"Livre jeunesse","Cauvin, Raoul","C'est quand qu'on part ?","685"
"Bande dessinée jeunesse","Guibert, Emmanuel","Le chevalier cheval","684"
"DVD jeunesse","","La reine des neiges [Images animées]","684"
"Bande dessinée jeunesse","Cohen, Jacqueline","La tribu des affreux [Texte imprimé]","678"
"Bande dessinée jeunesse","Godi, Bernard","Un amour de potache [Texte imprimé]","676"
"DVD jeunesse","","Moi, moche et méchant [Images animées]","675"
"Bande dessinée jeunesse","Verron, Laurent","Boule et Bill. 33. A l'abordage !!","670"
"Bande dessinée jeunesse","Mashima, Hiro","Fairy Tail [Texte imprimé]. 42","670"
"Nouveauté","Vigan, Delphine de","Rien ne s'oppose à la nuit : roman","669"
"inconnu","Lupano","Celui qui part [Texte imprimé]","668"
"inconnu","Enders, Giulia","Le charme discret de l'intestin [Texte imprimé] : tout sur un organe mal aimé","665"
"DVD jeunesse","Bird, Brad","Ratatouille [Images animées]","664"
"Bande dessinée jeunesse","Cohen, Jacqueline","Tom-Tom le roi de la tambouille [Texte imprimé]","662"
"Bande dessinée jeunesse","Konami, K.","Chi, une vie de chat. 3","662"
"Bande dessinée jeunesse","Bertschy","Exécrable par nature [Texte imprimé]","661"
"Bande dessinée jeunesse","Midam","Game over. 8. Cold case : affaires glacées","661"
"DVD jeunesse","Freitag, Hayo","[Images animées] : Les trois brigands [DVD]","655"
"Livre pour adulte","Gardner, Lisa","Famille parfaite [texte imprimé] : roman","646"
"Livre jeunesse","Kasano, Yuichi","A la sieste tout le monde","697"
"Livre pour adulte","Boltanski, Christophe","La cache : roman","695"
"Bande dessinée jeunesse","Konami, Kanata","Chi, une vie de chat [Texte imprimé]. 10","688"
"Bande dessinée jeunesse","Abouet, Marguerite","Akissi. 1. Attaque de chats","687"
"Livre jeunesse","Delebecque, François","Vroum ! Vroum !","687"
"DVD jeunesse","","Raiponce [Images animées]","684"
"Bande dessinée jeunesse","Clarke","Fées contre sorciers [Texte imprimé]","682"
"Bande dessinée jeunesse","Dutto, Olivier","Frère adoré chéri de mon coeur ! [Texte imprimé]","682"
"Bande dessinée jeunesse","Guibert, Emmanuel","Une jolie vache","681"
"DVD jeunesse","","Shaun le mouton [Images animées]","676"
"Bande dessinée jeunesse","Konami, K.","Chi, une vie de chat. 5","674"
"Livre pour adulte","Francq, Philippe","20 secondes [Texte imprimé]","673"
"Bande dessinée jeunesse","Kishimoto, Masashi","Naruto [Texte imprimé]. 67","668"
"DVD jeunesse","","Cendrillon [Images animées]","668"
"Bande dessinée ado","Pica","Fenetre sur cours [Texte imprimé]","662"
"Bande dessinée jeunesse","Godi, Bernard","Peut mieux faire ! [Texte imprimé]","654"
"inconnu","Barton, Byron","Mon vélo [Texte imprimé]","653"
"Enregistrement musical pour la jeunesse","Hudrisier, Cécile","Comptines pour chanter la savane","649"
"Bande dessinée jeunesse","Oda, Eiichir?","One Piece [Texte imprimé] : édition originale. 75. Ma gratitude","648"
"Livre jeunesse","Carle, Eric","La chenille qui fait des trous [Texte imprimé]","645"
"Bande dessinée pour adulte","Goscinny, René","La zizanie [Texte imprimé]","643"
"DVD-vidéo tous publics","","Harry Potter et l'Ordre du Phénix [images animées]","639"
"Livre jeunesse","Cousins, Lucy","Mimi joue au foot [Texte imprimé]","630"
"Livre jeunesse","Gay-Para, Praline","Roulé le loup ! [Texte imprimé]","629"
"Bande dessinée jeunesse","Mr Tan","La rentrée des claques [Texte imprimé]","628"
"Livre pour adulte","Thilliez, Franck","Pandemia","626"
"Bande dessinée ado","Kishimoto, Masashi","Naruto. 8 [Texte imprimé]","626"
"Bande dessinée ado","Pica","Rythme scolaire [Texte imprimé]","619"
"Bande dessinée jeunesse","Fraipont, Céline","Au château de Crotte de Maille","618"
"Bande dessinée pour adulte","Lupano","Bonny and Pierrot","618"
"Bande dessinée jeunesse","Zidrou","0+0 = Duco ! [Texte imprimé]","614"
"Bande dessinée jeunesse","Didier, Anne","Interdit aux monstres","613"
"Bande dessinée jeunesse","Peyo","Des monstres et des Schtroumpfs [Texte imprimé]","607"
"Livre jeunesse","Blake, Stéphanie","Je veux pas aller à la piscine ! [Texte imprimé]","604"
"Nouveauté","Musso, Valentin","Une vraie famille [Texte imprimé] : roman","596"
"Bande dessinée ado","Kishimoto, Masashi","Naruto. 9 [Texte imprimé]","593"
"DVD-vidéo tous publics","Cuaron, Alfonso","Harry Potter et le prisonnier d'Azkaban [Images animées]","592"
"Bande dessinée jeunesse","Didier, Anne","Un bazar monstre. 3","591"
"Nouveauté","Clark, Mary Higgins","La boîte à musique [Texte imprimé] : roman","590"
"Livre pour adulte","Kepler, Lars","Désaxé [texte imprimé]","590"
"Bande dessinée jeunesse","Laudec","Je veux l'épouser !","590"
"Bande dessinée ado","Kishimoto, Masashi","Naruto. 18 [Texte imprimé]","587"
"Bande dessinée jeunesse","Zidrou","Pas vu, pas pris !","584"
"DVD-vidéo tous publics","Spielberg, Steven","E.T. l'extra-terrestre [Images animées]","582"
"Bande dessinée jeunesse","Tessier, Grégory","En quête d'amour","580"
"DVD-vidéo tous publics","","Matilda [images animées]","579"
"Bande dessinée jeunesse","Konami, Kanata","Chi, une vie de chat. 9","579"
"Bande dessinée ado","Mashima, Hiro","Fairy Tail. 9","578"
"Livre pour adulte","Olivier, Lionel","Le crime était signé [Texte imprimé]","575"
"Livre jeunesse","Browne, Anthony","Ma maman [Texte imprimé]","575"
"Nouveauté","Azoulai, Nathalie","Titus n'aimait pas Bérénice [Texte imprimé]","574"
"Bande dessinée jeunesse","Sente, Yves","Le bâton de Plutarque [Texte imprimé]","573"
"Bande dessinée jeunesse","Davis, Jim","Bête de scène","571"
"DVD-vidéo tous publics","Miyazaki, Hayao","Le voyage de Chihiro [Images animées]","569"
"Livre jeunesse","Iwamura, Kazuo","La lessive de la famille Souris [Texte imprimé]","567"
"Livre jeunesse","Pica","tableau d'horreur [Texte imprimé]","567"
"Bande dessinée jeunesse","Pommaux, Yvan","Gare au loup [Texte imprimé] : cinq histoires courtes","566"
"Bande dessinée jeunesse","Abouet, Marguerite","Aya de Yopougon. 6","565"
"Bande dessinée jeunesse","Corbeyran","Au zénith. 10","565"
"Bande dessinée jeunesse","Mashima, Hiro","Fairy Tail. 11","563"
"Bande dessinée jeunesse","Fraipont, Céline","L'expérience extraordinaire [Texte imprimé]","562"
"Bande dessinée jeunesse","Pommaux, Yvan","Le trésor englouti [Texte imprimé]","556"
"Livre pour adulte","Frenkel, Françoise","Rien où poser sa tête","556"
"inconnu","Adler-Olsen, Jussi","Promesse [Texte imprimé] : roman","556"
"DVD jeunesse","","Les minions [Images animées]","555"
"Bande dessinée jeunesse","Abouet, Marguerite","Mixture magique [Texte imprimé]","669"
"Bande dessinée jeunesse","Uderzo, Albert","Le grand fossé [Texte imprimé]","663"
"Bande dessinée jeunesse","Cauvin, Raoul","Enfin seuls ! [Texte imprimé]","660"
"Bande dessinée ado","Darasse","Ma première fois ! [Texte imprimé]","659"
"Bande dessinée jeunesse","Adam","Game over. 7. Only for your eyes","659"
"Nouveauté","Connelly, Michael","Dans la ville en feu [Texte imprimé] : roman","655"
"Bande dessinée jeunesse","Pommaux, Yvan","Photo fatale [Texte imprimé]","655"
"Bande dessinée jeunesse","Mashima, Hiro","Fairy Tail. 40 [texte imprimé]","653"
"Livre jeunesse","Fine, Anne","Journal d'un chat assassin [Texte imprimé]","642"
"Bande dessinée jeunesse","Bertschy","Définitivement nuisible [Texte imprimé]","639"
"Bande dessinée ado","Kishimoto, Masashi","Naruto. 4 [Texte imprimé]","637"
"Livre jeunesse","Le Saux, Alain","Papa est content","637"
"Livre jeunesse","Corbeyran","Mambo !","637"
"Livre jeunesse","Nakagawa, Chihiro","Il faut sauver le petit chat !","634"
"Livre jeunesse","Valat, Pierre-Marie","La voiture [Texte imprimé]","634"
"Bande dessinée jeunesse","Laudec","Gâteau-surprise [Texte imprimé]","632"
"Bande dessinée jeunesse","Feroumont","Les armes de maître Marcel","632"
"inconnu","Lyfoung, Patricia","Un prince à croquer. 2. Plat","631"
"Bande dessinée jeunesse","Kishimoto, Masashi","Naruto [Texte imprimé]. 66","629"
"inconnu","Tessier, Greg","Mission relooking [Texte imprimé]","627"
"Bande dessinée jeunesse","Didier, Anne","Merci, les monstres ! [Texte imprimé]","625"
"Bande dessinée jeunesse","Feroumont","Saperlipopette ! [Texte imprimé]","621"
"Bande dessinée jeunesse","Verron, Laurent","Boule & Bill. 36. Flair de cocker [Texte imprimé]","620"
"Bande dessinée jeunesse","Job","Yakari et la tueuse des mers [Texte imprimé]","620"
"Livre jeunesse","Crews, Donald","Un train passe","619"
"DVD jeunesse","","Le vent se lève [Images animées]","618"
"Bande dessinée jeunesse","Cohen, Jacqueline","C'est magique ! [Texte imprimé]","616"
"Bande dessinée jeunesse","Didier, Anne","Le monde à l'envers [Texte imprimé]","615"
"Bande dessinée jeunesse","Oda, Eiichiro","One Piece [Texte imprimé]. 74. Je serai toujours à tes côtés","614"
"Nouveauté","Bourdin, Françoise","Au nom du père [Texte imprimé]","607"
"Bande dessinée jeunesse","Kishimoto, Masashi","Naruto. 65 [Texte imprimé]","606"
"Livre sonore jeunesse","Cappe, Jeanne","Mon tipotame","602"
"Livre jeunesse","Le Saux, Alain","Papa conduit","600"
"Livre jeunesse","Le Saux, Alain","Papa se rase","599"
"inconnu","Delisle, Guy","Chroniques de Jérusalem","595"
"Livre pour adulte","Kepel, Gilles","Terreur dans l'Hexagone [Texte imprimé] : genèse du djihad français","594"
"Livre sonore jeunesse","Green, Ilya","Les plus belles berceuses jazz","594"
"Livre jeunesse","Baumann, Anne-Sophie","Le corps humain [Texte imprimé]","593"
"Bande dessinée jeunesse","Sfar, Joann","Platine laser [Texte imprimé]","592"
"Livre jeunesse","Jadoul, Emile","Gros pipi","591"
"Livre jeunesse","Hoban, Tana","Noir sur blanc [Texte imprimé]","590"
"Bande dessinée jeunesse","Peyo","Les Schtroumpfs font du sport [Texte imprimé]","589"
"Livre jeunesse","Koide, Tan","Toc, toc, toc [Texte imprimé]","587"
"Livre jeunesse","Poussier, Audrey","La piscine [Texte imprimé]","586"
"Bande dessinée jeunesse","Pommaux, Yvan","Alerte en classe verte [Texte imprimé]","582"
"Bande dessinée jeunesse","Takano, Ichigo","Orange. 1","576"
"Bande dessinée pour adulte","Abouet, Marguerite","Aya de Yopougon. 4 [Texte imprimé]","575"
"Bande dessinée jeunesse","Hergé","Le Crabe aux pinces d'or [Texte imprimé]","574"
"Bande dessinée jeunesse","Davis, Jim","Le dindon de la farce","574"
"Nouveauté","Assouline, Pierre","Golem [Texte imprimé]","573"
"Livre jeunesse","Rowling, Joanne Kathleen","Harry Potter et la chambre des secrets","572"
"Bande dessinée jeunesse","Pommaux, Yvan","Enquete d'amour [Texte imprimé]","571"
"Livre pour adulte","Nesbo, Jo","Soleil de nuit [Texte imprimé]","570"
"Livre jeunesse","Ledu, Stéphanie","Le chantier [Texte imprimé]","570"
"Bande dessinée pour adulte","Zep","What a wonderful world  : recueil","569"
"Non empruntable","Yabuno, Tenya","Inazuma eleven. 1","569"
"Bande dessinée jeunesse","Peyo","Les schtroumpfs olympiques [Texte imprimé]","568"
"Bande dessinée pour adulte","Abouet, Marguerite","Aya de Yopougon. 3 [Texte imprimé]","563"
"Livre jeunesse","Strasser, Susanne","Le gâteau perché tout là-haut [Texte imprimé]","560"
"Bande dessinée jeunesse","Delzenne, Philippe","On ne schtroumpfe pas le progrès","559"
"Bande dessinée pour adulte","Sattouf, Riad","La vie secrète des jeunes [Texte imprimé]","558"
"Livre jeunesse","Handford, Martin","Où est Charlie ? [Texte imprimé] : la grande expo !","558"
"Livre jeunesse","Davis, Jim","Les amis, c'est pour la vie","556"
"Livre jeunesse","Guibert, Emmanuel","Le loto des nombrils","697"
"Bande dessinée jeunesse","Godi, Bernard","Le fortiche de la triche [Texte imprimé]","690"
"inconnu","Laurens, Camille","Celle que vous croyez [Texte imprimé]","679"
"Bande dessinée jeunesse","Godi, Bernard","Premier de la classe (en commençant par la fin) [Texte imprimé]","679"
"Bande dessinée ado","Kishimoto, Masashi","Naruto. 1 [Texte imprimé]","678"
"Livre jeunesse","Kinney, Jeff","Carrément claustro","674"
"Bande dessinée jeunesse","Sapin, Mathieu","Sardine de l'espace. 11. L'archipel des hommes-sandwichs","673"
"Livre jeunesse","Emberley, Ed","Bonne nuit, petit monstre vert [Texte imprimé]","672"
"Livre jeunesse","Barton, Byron","La toute petite dame [Texte imprimé]","672"
"inconnu","Claudel, Philippe","L'arbre du pays Toraja [Texte imprimé] : roman","671"
"Livre jeunesse","Vaugelade, Anaïs","Une soupe au caillou [Texte imprimé]","671"
"Bande dessinée jeunesse","Midam","Carnage total [Texte imprimé]","670"
"Bande dessinée jeunesse","Oda, Eiichir?","One Piece [Texte imprimé] : édition originale. 76. Poursuis ta route !","669"
"Livre pour adulte","","No problemo [Texte imprimé]","669"
"Bande dessinée jeunesse","Mashima, Hiro","Fairy Tail [Texte imprimé]. 43","667"
"Bande dessinée jeunesse","Godi, Bernard","Miss dix sur dix [Texte imprimé]","667"
"Nouveauté","Coben, Harlan","Tu me manques","666"
"Bande dessinée jeunesse","Cohen, Jacqueline","Les deux terreurs [Texte imprimé]","658"
"Livre jeunesse","Saint-Mars, Dominique de","Max a la passion du foot [Texte imprimé]","658"
"DVD jeunesse","Yates, David","Harry Potter et le Prince de sang-mêlé [Images animées]","652"
"Livre jeunesse","Pennart, Geoffroy de","Le loup est revenu ! [Texte imprimé]","644"
"Bande dessinée jeunesse","Corbeyran","A la folie [Texte imprimé]","640"
"Enregistrement musical pour la jeunesse","Du Bouchet, Paule","Coco et le poisson Ploc [Enregistrement sonore]","638"
"Bande dessinée jeunesse","Bertschy","Mini cataclysme","633"
"Bande dessinée jeunesse","Kishimoto, Masashi","Naruto [Texte imprimé]. 68","632"
"Bande dessinée ado","Mashima, Hiro","Fairy Tail [Texte imprimé]. 37","631"
"Livre pour adulte","Dicker, Joël","La vérité sur l'affaire Harry Quebert : roman","626"
"Bande dessinée jeunesse","Midam","Gouzi gouzi gouzi","623"
"Livre jeunesse","","Game over. 6. Sound of silence","623"
"Bande dessinée jeunesse","Bouchié, Pascale","Mystère au Pré-Chabert","622"
"Livre jeunesse","Feiffer, Jules","Aboie, Georges ! [Texte imprimé]","620"
"Bande dessinée ado","Kishimoto, Masashi","Naruto. 3 [Texte imprimé]","618"
"inconnu","Läckberg, Camilla","La faiseuse d'anges [Texte imprimé]","618"
"Bande dessinée jeunesse","Konami, Kanata","Chi, une vie de chat. 7","617"
"Bande dessinée jeunesse","Corbeyran","Zélie et compagnie. 9. Cinq sur cinq","616"
"Livre pour adulte","Lyfoung, Patricia","Un prince à croquer. 1. Entrée","615"
"DVD jeunesse","Ocelot, Michel","Azur et Asmar [Images animées]","611"
"Bande dessinée pour adulte","Lupano","Ceux qui restent [Texte imprimé]","611"
"Bande dessinée jeunesse","Saint-Mars, Dominique de","Lili ne veut plus aller à la piscine [Texte imprimé]","606"
"DVD-vidéo tous publics","","L'âge de glace 3 [images animées]","606"
"Bande dessinée jeunesse","Mashima, Hiro","Fairy Tail [Texte imprimé]. 38","604"
"Bande dessinée jeunesse","Konami, Kanata","Chi, une vie de chat. 6","602"
"Bande dessinée jeunesse","Erroc","Les profs. 17. Sortie scolaire [Texte imprimé]","596"
"Livre jeunesse","Poussier, Audrey","Mon pull [Texte imprimé]","590"
"Nouveauté","Nesbo, Jo","Du sang sur la glace [Texte imprimé]","589"
"Bande dessinée pour adulte","Hergé","Tintin en Amérique [Texte imprimé]","587"
"Livre jeunesse","Cousins, Lucy","Le petit frère de Zoé [Texte imprimé]","586"
"Livre de section jeunesse ado","Mashima, Hiro","Fairy Tail [Texte imprimé]. 33","585"
"Bande dessinée jeunesse","Davis, Jim","Félin pour l'autre [Texte imprimé]","585"
"Livre de section jeunesse ado","Mashima, Hiro","Fairy Tail [Texte imprimé]. 34","582"
"Bande dessinée jeunesse","Davis, Jim","Crazy kart [Texte imprimé]","581"
"Bande dessinée jeunesse","Darasse","Amies pour la vie ! [Texte imprimé]. 14","580"
"Bande dessinée jeunesse","Chamblain, Joris","Le zoo pétrifié","580"
"Bande dessinée jeunesse","Davis, Jim","La haine du lundi [Texte imprimé]","578"
"Bande dessinée jeunesse","Kishimoto, Masashi","Naruto. 11 [Texte imprimé]","577"
"Bande dessinée jeunesse","Saint-Mars, Dominique de","Max a une amoureuse [Texte imprimé]","575"
"Bande dessinée jeunesse","Sfar, Joann","Le remonte-kiki [Texte imprimé]","575"
"Bande dessinée jeunesse","Feroumont","Le prétendant","575"
"Livre jeunesse","Monfreid, Dorothée de","Dodo [Texte imprimé]","575"
"Livre jeunesse","Perrin, Martine","Qui où quoi [Texte imprimé]","574"
"Livre pour adulte","Unger, Lisa","Sors de ma vie [Texte imprimé]","573"
"Livre jeunesse","Browne, Anthony","Le tunnel [Texte imprimé]","567"
"inconnu","Dugain, Marc","Ultime partie [Texte imprimé]","566"
"Bande dessinée jeunesse","Cauvin, Raoul","Elle est moche ! [Texte imprimé]","566"
"Bande dessinée ado","Kishimoto, Masashi","Naruto. 13 [Texte imprimé]","565"
"Livre jeunesse","Didier, Anne","Emile et Margot. 2. Monstrueuses bêtises !","565"
"Bande dessinée jeunesse","Davis, Jim","Chat déchire !","564"
"DVD jeunesse","","Minuscule [Images animées] : La vallée des fourmis perdues","559"
"Bande dessinée jeunesse","Derib","Le mangeur d'étoiles","557"
"Nouveauté","Johnson, Craig","Steamboat [Texte imprimé]","556"
"Livre jeunesse","Le Saux, Alain","Papa docteur","556"
"Bande dessinée jeunesse","Peyo","Histoires de schtroumpfs [Texte imprimé]","649"
"Bande dessinée jeunesse","Davis, Jim","Chat geek [Texte imprimé]","643"
"Bande dessinée jeunesse","Abouet, Marguerite","Akissi. 2. Super-héros en plâtre","640"
"DVD-vidéo tous publics","","La Colline aux coquelicots [Images animées]","640"
"Livre jeunesse","Barton, Byron","Ma voiture [Texte imprimé]","632"
"Bande dessinée jeunesse","Mashima, Hiro","Fairy Tail. 44 [Texte imprimé]","626"
"Bande dessinée jeunesse","Abouet, Marguerite","Vole-mouton","624"
"Nouveauté","Khadra, Yasmina","La dernière nuit du raïs [Texte imprimé]","623"
"inconnu","Mankell, Henning","Sable mouvant [Texte imprimé] : fragments de ma vie","623"
"Livre jeunesse","Saint-Mars, Dominique de","Lili ne veut plus aller à la piscine [Texte imprimé]","619"
"Nouveauté","Liberati, Simon","Eva : roman","618"
"Nouveauté","Mankell, Henning","Une main encombrante [Texte imprimé] : une enquête inédite de Wallander","618"
"Livre jeunesse","Ledu, Stéphanie","Paris","617"
"Livre jeunesse","Dahl, Roald","Les deux gredins [Texte imprimé]","616"
"Nouveauté","Germain, Sylvie","A la table des hommes [Texte imprimé] : roman","615"
"Livre de section jeunesse ado","Mashima, Hiro","Fairy Tail [Texte imprimé]. 35","614"
"Bande dessinée jeunesse","Peyo","L'étrange réveil du Schtroumpf paresseux [Texte imprimé]","610"
"Bande dessinée ado","Kishimoto, Masashi","Naruto. 5 [Texte imprimé]","610"
"Bande dessinée jeunesse","Bouchié, Pascale","Balactica [Texte imprimé]","608"
"Livre jeunesse","Zidrou","Ça sent les vacances !","600"
"Livre jeunesse","Verron, Laurent","Roule ma poule ! [Texte imprimé]","596"
"Livre jeunesse","Yonezu, Yusuke","Miam... j'aime bien !","594"
"DVD jeunesse","","Zarafa [Images animées]","593"
"DVD-vidéo tous publics","Newell, Mike","Harry Potter et la coupe de feu [Images animées]","592"
"DVD jeunesse","","Les enfants loups, Ame & Yuki [Images animées]","592"
"DVD jeunesse","","Mon voisin Totoro [Images animées]","592"
"Bande dessinée jeunesse","Bertschy","Nelson. 12. Forcément coupable","591"
"Bande dessinée jeunesse","Mashima, Hiro","Fairy Tail [Texte imprimé]. 36","591"
"Bande dessinée jeunesse","Peyo","Gargamel et les Schtroumpfs","588"
"Livre jeunesse","Tullet, Hervé","Un livre","587"
"Bande dessinée ado","Darasse","Faites comme chez vous [Texte imprimé]","586"
"Bande dessinée jeunesse","Fraipont, Céline","A nous deux ! [Texte imprimé]","582"
"Livre jeunesse","Hatsue, Nakawaki","Ne bouge pas ! [Texte imprimé]","580"
"Nouveauté jeunesse","Collombat, Benoît","Cher pays de notre enfance [Texte imprimé] : enquête sur les années de plomb de la Ve République","576"
"Bande dessinée jeunesse","Konami, Kanata","Chi, une vie de chat. 8","575"
"Livre sonore jeunesse","Bergame, Cécile","Le gâteau de Ouistiti [Multimédia multisupport]","575"
"Bande dessinée jeunesse","Didier, Anne","C'est parti !","574"
"Livre jeunesse","Le Saux, Alain","Papa gonfle","574"
"Bande dessinée jeunesse","Fraipont, Céline","Le blues du yéti [Texte imprimé]","574"
"inconnu","Darrieussecq, Marie","Etre ici est une splendeur [Texte imprimé] : vie de Paula M. Becker","573"
"Bande dessinée jeunesse","Fraipont, Céline","L'hôpital des docteurs Toc-Toc","573"
"Livre jeunesse","Ashbé, Jeanne","Non ! [Texte imprimé]","572"
"inconnu","Murakami, Haruki","Ecoute le chant du vent [Texte imprimé] Flipper, 1973","571"
"Bande dessinée jeunesse","Feroumont","Les deux princesses","571"
"Bande dessinée pour adulte","Abouet, Marguerite","Aya de Yopougon. 1 [Texte imprimé]","570"
"Bande dessinée jeunesse","Mashima, Hiro","Fairy Tail. 20","569"
"DVD jeunesse","","Panda petit panda [Images animées]","569"
"Livre jeunesse","Caputo, Natha","Roule galette [Texte imprimé]","566"
"Livre pour adulte","King, Stephen","Revival [texte imprimé] : roman","565"
"Livre jeunesse","Ponti, Claude","Dans le gant [Texte imprimé]","565"
"Bande dessinée jeunesse","Mashima, Hiro","Fairy Tail. 28","565"
"Bande dessinée ado","Darasse","Combien ? [Texte imprimé]","564"
"Livre jeunesse","Yonezu, Yusuke","Qui se cache là-derrière ? [Texte imprimé]","562"
"inconnu","Chamblain, Joris","Le dernier des cinq trésors [Texte imprimé]","561"
"Bande dessinée ado","Darasse","C'est bon l'amour ! [Texte imprimé]","559"
"Livre jeunesse","Grindley, Sally","Toc ! Toc ! Qui est là ? [Texte imprimé]","558"
"Bande dessinée jeunesse","Mashima, Hiro","Fairy Tail [Texte imprimé]. 47","555"
"Livre jeunesse","Douzou, Olivier","Loup [Texte imprimé]","642"
"Livre jeunesse","Berner, Rotraut Susanne","Le livre de la nuit [Texte imprimé]","639"
"Livre jeunesse","Kinney, Jeff","Un coeur à prendre [Texte imprimé]","639"
"inconnu","Dutto, Olivier","Master frère !","637"
"DVD-vidéo tous publics","Miyazaki, Hayao","Le château ambulant [Images animées]","636"
"Livre jeunesse","Bigot, Gigi","Grand-mère sucre et grand-père chocolat [Texte imprimé]","635"
"Bande dessinée jeunesse","Tessier, Grégory","La reine du collège","626"
"Livre jeunesse","Iwamura, Kazuo","La famille Souris prépare le nouvel an [Texte imprimé]","624"
"Bande dessinée jeunesse","Poirier, Philippe","Un parfum d'aventure [Texte imprimé]","620"
"DVD jeunesse","","Le chant de la mer [Images animées]","619"
"DVD-vidéo tous publics","Columbus, Chris","Harry Potter et la chambre des secrets [Images animées]","619"
"Bande dessinée ado","Neel, Julien","Le cimetière des autobus [Texte imprimé]","618"
"Bande dessinée ado","Mashima, Hiro","Fairy Tail. 1 [Texte imprimé]","616"
"Bande dessinée jeunesse","Midam","Oups !","615"
"Bande dessinée jeunesse","Pommaux, Yvan","La clandestine","614"
"Nouveauté","Kennedy, Douglas","Mirage [Texte imprimé]","612"
"Livre jeunesse","Le Saux, Alain","Papa dort","611"
"Bande dessinée jeunesse","Sfar, Joann","Il faut éliminer Toxine [Texte imprimé]","610"
"DVD jeunesse","Takahata, Isao","Pompoko [Images animées]","610"
"Nouveauté","Salvayre, Lydie","Pas pleurer [Texte imprimé]","606"
"Livre jeunesse","Lindgren, Barbro","Le pot de Tom [Texte imprimé]","601"
"Bande dessinée ado","Kishimoto, Masashi","Naruto. 12 [Texte imprimé]","599"
"inconnu","Corbeyran","Relax !","599"
"Nouveauté","Jonasson, Jonas","L'assassin qui rêvait d'une place au paradis [Texte imprimé]","598"
"DVD nouveautés tous publics","","Paddington [Images animées]","596"
"Livre jeunesse","Rowling, Joanne Kathleen","Harry Potter à l'école des sorciers","596"
"Bande dessinée jeunesse","Feroumont","Anne","595"
"Livre jeunesse","Clément, Claire","Léo est malade","592"
"Bande dessinée jeunesse","Zidrou","Confisqués !","588"
"inconnu","Kinney, Jeff","Pas de bol ! [Texte imprimé]","586"
"Livre jeunesse","Yonezu, Yusuke","Cubes surprises","584"
"Livre sonore jeunesse","Tual, Nathalie","Bulle et Bob à l'école [Multimédia multisupport]","583"
"Livre jeunesse","Crausaz, Anne","Et le soir quand la nuit tombe... [Texte imprimé]","580"
"Livre sonore jeunesse","Bergame, Cécile","Oh hisse petit escargot ! [Multimédia multisupport]","580"
"inconnu","Chamblain, Joris","Le livre d'Hector [Texte imprimé]","579"
"Nouveauté","Leon, Donna","Le garçon qui ne parlait pas [Texte imprimé]","578"
"Livre pour adulte","Camilleri, Andrea","Le sourire d'Angelica [Texte imprimé]","577"
"DVD-vidéo tous publics","Columbus, Chris","Harry Potter à l'école des sorciers [Images animées]","577"
"Bande dessinée pour adulte","McCloud, Scott","Le sculpteur [Texte imprimé]","575"
"Bande dessinée jeunesse","Guibert, Emmanuel","Pizza tomik [Texte imprimé]","575"
"Livre sonore jeunesse","Du Bouchet, Paule","Coco et les pompiers [Texte imprimé]","573"
"Bande dessinée jeunesse","Guibert, Emmanuel","Mon oeil ! [Texte imprimé]","570"
"Bande dessinée ado","Mashima, Hiro","Fairy Tail. 2 [Texte imprimé]","568"
"Bande dessinée jeunesse","Pica","Classe touriste [Texte imprimé]","567"
"Bande dessinée jeunesse","Fraipont, Céline","Amour glacé","567"
"inconnu","Cymes, Michel","Vivez mieux et plus longtemps [Texte imprimé]","566"
"Livre jeunesse","Waddell, Martin","Toi et moi, petit ours [Texte imprimé]","566"
"DVD-vidéo tous publics","","Les aventures de Tintin - Le secret de la Licorne [Images animées]","565"
"Livre jeunesse","Haughton, Chris","Un peu perdu","563"
"Bande dessinée jeunesse","Mashima, Hiro","Fairy Tail. 29","563"
"inconnu","Arnaldur Indridason","Les nuits de Reykjavik [texte imprimé]","563"
"Livre sonore jeunesse","La Salle, Aimée de","Mizou le petit chat noir [Multimédia multisupport]","562"
"Livre jeunesse","Le Craver, Jean-Louis","Le petit cochon tetu [Texte imprimé]","555"
